Sidvi, ec20b1031, 9704877479
Daathwi, cs20b1031, 9562839050
Aditya, me20b1005, 8342059830
Harshini, jhfg4243, 8478733433
Chinmay, ksdfbh888, 7634713493
Jahnavi, sdhf2233jn, 8237482942
Susmitha, wehr738eo, 8472853942
Sanjana, irji8495kj, 4888278849
Isha, jhfh495859n, 3489204958
Sajidha, woieu74h, 4744384929
Sunitha, jhb2273mn, 9834854349
Harshitha, lkjdkj36, 0923848239
Lalitha, oiii8393nh, 9897484599
Sindhu,  lkdfj73893, 1984828540
Priyanka, kjdh843k, 8394228493
Hema, lijgtij383, 8849899935
Vaishnavi, jdhg737, 9002352993
Alekhya, kduh7383h, 9834958344
Abhigna, ieti995jnl, 940035959
Samantha, u8342475ik, 8494549959
amulya, hdfuh738n, 9859694499